Workbook

Sheet Январь
A1: ФИО | B1: Должность | C1: Оклад | D1: Премия | E1: Заработна плата | K1: Должность | L1: премия
A2: Иванов Иван Иванович | B2: Курьер | C2: 4700 | D2: =RANDBETWEEN(1000,5000) -> 1515 | E2: =C2+D2 -> 6215 | K2: Директор | L2: 4500
A3: Аливоков Владимир Юрьевич | B3: {=INDEX($K$2:$K$6, RANDBETWEEN(1, COUNTA($K$2:$K$6)))} -> Уборщик | C3: =VLOOKUP(B3,$K$1:$L$6,2,0) -> 6000 | D3: =RANDBETWEEN(1000,5000) -> 4732 | E3: =C3+D3 -> 10732 | K3: Админимстратор | L3: 4550
A4: Дубинин Фёдор Петрович | B4: {=INDEX($K$2:$K$6, RANDBETWEEN(1, COUNTA($K$2:$K$6)))} -> Бариста | C4: =VLOOKUP(B4,$K$1:$L$6,2,0) -> 4300 | D4: =RANDBETWEEN(1000,5000) -> 1070 | E4: =C4+D4 -> 5370 | K4: Бариста | L4: 4300
A5: Левин Тимур Александрович | B5: {=INDEX($K$2:$K$6, RANDBETWEEN(1, COUNTA($K$2:$K$6)))} -> Директор | C5: =VLOOKUP(B5,$K$1:$L$6,2,0) -> 4500 | D5: =RANDBETWEEN(1000,5000) -> 3828 | E5: =C5+D5 -> 8328 | K5: Уборщик | L5: 6000
A6: Орлов Дмитрий Андреевич | B6: {=INDEX($K$2:$K$6, RANDBETWEEN(1, COUNTA($K$2:$K$6)))} -> Уборщик | C6: =VLOOKUP(B6,$K$1:$L$6,2,0) -> 6000 | D6: =RANDBETWEEN(1000,5000) -> 2558 | E6: =C6+D6 -> 8558 | K6: Курьер | L6: 4700
A7: Горбачев Григорий Даниилович | B7: {=INDEX($K$2:$K$6, RANDBETWEEN(1, COUNTA($K$2:$K$6)))} -> Курьер | C7: =VLOOKUP(B7,$K$1:$L$6,2,0) -> 4700 | D7: =RANDBETWEEN(1000,5000) -> 2682 | E7: =C7+D7 -> 7382
A8: Титов Роман Данилович | B8: {=INDEX($K$2:$K$6, RANDBETWEEN(1, COUNTA($K$2:$K$6)))} -> Бариста | C8: =VLOOKUP(B8,$K$1:$L$6,2,0) -> 4300 | D8: =RANDBETWEEN(1000,5000) -> 1469 | E8: =C8+D8 -> 5769
A9: Тарасова Ксения Данииловна | B9: {=INDEX($K$2:$K$6, RANDBETWEEN(1, COUNTA($K$2:$K$6)))} -> Бариста | C9: =VLOOKUP(B9,$K$1:$L$6,2,0) -> 4300 | D9: =RANDBETWEEN(1000,5000) -> 4697 | E9: =C9+D9 -> 8997
A10: Журавлева Кира Максимовна | B10: {=INDEX($K$2:$K$6, RANDBETWEEN(1, COUNTA($K$2:$K$6)))} -> Курьер | C10: =VLOOKUP(B10,$K$1:$L$6,2,0) -> 4700 | D10: =RANDBETWEEN(1000,5000) -> 3524 | E10: =C10+D10 -> 8224
A11: Потапова Адель Тимуровна | B11: {=INDEX($K$2:$K$6, RANDBETWEEN(1, COUNTA($K$2:$K$6)))} -> Директор | C11: =VLOOKUP(B11,$K$1:$L$6,2,0) -> 4500 | D11: =RANDBETWEEN(1000,5000) -> 4753 | E11: =C11+D11 -> 9253
A12: Борисова Алиса Егоровна | B12: {=INDEX($K$2:$K$6, RANDBETWEEN(1, COUNTA($K$2:$K$6)))} -> Бариста | C12: =VLOOKUP(B12,$K$1:$L$6,2,0) -> 4300 | D12: =RANDBETWEEN(1000,5000) -> 2184 | E12: =C12+D12 -> 6484
A13: Никитин Евгений Иванович | B13: {=INDEX($K$2:$K$6, RANDBETWEEN(1, COUNTA($K$2:$K$6)))} -> Курьер | C13: =VLOOKUP(B13,$K$1:$L$6,2,0) -> 4700 | D13: =RANDBETWEEN(1000,5000) -> 1904 | E13: =C13+D13 -> 6604
A14: Сидоров Александр Михайлович | B14: {=INDEX($K$2:$K$6, RANDBETWEEN(1, COUNTA($K$2:$K$6)))} -> Директор | C14: =VLOOKUP(B14,$K$1:$L$6,2,0) -> 4500 | D14: =RANDBETWEEN(1000,5000) -> 2420 | E14: =C14+D14 -> 6920
A15: Сергеева Полина Марковна | B15: {=INDEX($K$2:$K$6, RANDBETWEEN(1, COUNTA($K$2:$K$6)))} -> Уборщик | C15: =VLOOKUP(B15,$K$1:$L$6,2,0) -> 6000 | D15: =RANDBETWEEN(1000,5000) -> 2488 | E15: =C15+D15 -> 8488
A16: Серебрякова Ангелина Максимовна | B16: {=INDEX($K$2:$K$6, RANDBETWEEN(1, COUNTA($K$2:$K$6)))} -> Бариста | C16: =VLOOKUP(B16,$K$1:$L$6,2,0) -> 4300 | D16: =RANDBETWEEN(1000,5000) -> 3926 | E16: =C16+D16 -> 8226
A17: Емельянов Михаил Георгиевич | B17: {=INDEX($K$2:$K$6, RANDBETWEEN(1, COUNTA($K$2:$K$6)))} -> Директор | C17: =VLOOKUP(B17,$K$1:$L$6,2,0) -> 4500 | D17: =RANDBETWEEN(1000,5000) -> 3761 | E17: =C17+D17 -> 8261
A18: Степанов Михаил Маркович | B18: {=INDEX($K$2:$K$6, RANDBETWEEN(1, COUNTA($K$2:$K$6)))} -> Бариста | C18: =VLOOKUP(B18,$K$1:$L$6,2,0) -> 4300 | D18: =RANDBETWEEN(1000,5000) -> 4515 | E18: =C18+D18 -> 8815
... A31: Ткачев Михаил Денисович | B31: {=INDEX($K$2:$K$6, RANDBETWEEN(1, COUNTA($K$2:$K$6)))} -> Курьер | C31: =VLOOKUP(B31,$K$1:$L$6,2,0) -> 4700 | D31: =RANDBETWEEN(1000,5000) -> 3412 | E31: =C31+D31 -> 8112

Sheet Фераль
A1: ФИО | B1: Должность | C1: Оклад | D1: Премия | E1: Заработна плата | K1: Должность | L1: Оклад
A2: Иванов Иван Иванович | B2: Курьер | C2: =VLOOKUP(B2,$K$1:$L$6,2,0) -> 4900 | D2: =RANDBETWEEN(2000,5000) -> 4083 | E2: 10381 | K2: Директор | L2: 5000
A3: Аливоков Владимир Юрьевич | B3: Админимстратор | C3: =VLOOKUP(B3,$K$1:$L$6,2,0) -> 4600 | D3: =RANDBETWEEN(2000,5000) -> 2689 | E3: 10381 | K3: Админимстратор | L3: 4600
A4: Дубинин Фёдор Петрович | B4: Уборщик | C4: =VLOOKUP(B4,$K$1:$L$6,2,0) -> 6100 | D4: =RANDBETWEEN(2000,5000) -> 2548 | E4: 8251 | K4: Бариста | L4: 5500
A5: Левин Тимур Александрович | B5: Курьер | C5: =VLOOKUP(B5,$K$1:$L$6,2,0) -> 4900 | D5: =RANDBETWEEN(2000,5000) -> 4533 | E5: 6712 | K5: Уборщик | L5: 6100
A6: Орлов Дмитрий Андреевич | B6: Директор | C6: =VLOOKUP(B6,$K$1:$L$6,2,0) -> 5000 | D6: =RANDBETWEEN(2000,5000) -> 3911 | E6: 5574 | K6: Курьер | L6: 4900
A7: Горбачев Григорий Даниилович | B7: Админимстратор | C7: =VLOOKUP(B7,$K$1:$L$6,2,0) -> 4600 | D7: =RANDBETWEEN(2000,5000) -> 3376 | E7: 7903
A8: Титов Роман Данилович | B8: Директор | C8: =VLOOKUP(B8,$K$1:$L$6,2,0) -> 5000 | D8: =RANDBETWEEN(2000,5000) -> 2000 | E8: 9490
A9: Тарасова Ксения Данииловна | B9: Курьер | C9: =VLOOKUP(B9,$K$1:$L$6,2,0) -> 4900 | D9: =RANDBETWEEN(2000,5000) -> 2720 | E9: 10476
A10: Журавлева Кира Максимовна | B10: Бариста | C10: =VLOOKUP(B10,$K$1:$L$6,2,0) -> 5500 | D10: =RANDBETWEEN(2000,5000) -> 3647 | E10: 6896
A11: Потапова Адель Тимуровна | B11: Уборщик | C11: =VLOOKUP(B11,$K$1:$L$6,2,0) -> 6100 | D11: =RANDBETWEEN(2000,5000) -> 4099 | E11: 11685
A12: Борисова Алиса Егоровна | B12: Директор | C12: =VLOOKUP(B12,$K$1:$L$6,2,0) -> 5000 | D12: =RANDBETWEEN(2000,5000) -> 4651 | E12: 6323
A13: Никитин Евгений Иванович | B13: Курьер | C13: =VLOOKUP(B13,$K$1:$L$6,2,0) -> 4900 | D13: =RANDBETWEEN(2000,5000) -> 4569 | E13: 7323
A14: Сидоров Александр Михайлович | B14: Директор | C14: =VLOOKUP(B14,$K$1:$L$6,2,0) -> 5000 | D14: =RANDBETWEEN(2000,5000) -> 4342 | E14: 10364
A15: Сергеева Полина Марковна | B15: Бариста | C15: =VLOOKUP(B15,$K$1:$L$6,2,0) -> 5500 | D15: =RANDBETWEEN(2000,5000) -> 3596 | E15: 5726
A16: Серебрякова Ангелина Максимовна | B16: Уборщик | C16: =VLOOKUP(B16,$K$1:$L$6,2,0) -> 6100 | D16: =RANDBETWEEN(2000,5000) -> 4869 | E16: 10284
A17: Емельянов Михаил Георгиевич | B17: Админимстратор | C17: =VLOOKUP(B17,$K$1:$L$6,2,0) -> 4600 | D17: =RANDBETWEEN(2000,5000) -> 2726 | E17: 6820
A18: Степанов Михаил Маркович | B18: Бариста | C18: =VLOOKUP(B18,$K$1:$L$6,2,0) -> 5500 | D18: =RANDBETWEEN(2000,5000) -> 3809 | E18: 8224
... A31: Ткачев Михаил Денисович | B31: Курьер | C31: =VLOOKUP(B31,$K$1:$L$6,2,0) -> 4900 | D31: =RANDBETWEEN(2000,5000) -> 4513 | E31: 9460

Sheet Март
A1: ФИО | B1: Должность | C1: Оклад | D1: Премия | E1: Заработна плата
A2: Иванов Иван Иванович | B2: Курьер | C2: =VLOOKUP(B2,$K$2:$L$7,2,0) -> 5000 | D2: =RANDBETWEEN(2000,7000) -> 3836 | E2: =C2+D2 -> 8836 | K2: Должность | L2: Оклад
A3: Аливоков Владимир Юрьевич | B3: Админимстратор | C3: =VLOOKUP(B3,$K$2:$L$7,2,0) -> 5000 | D3: =RANDBETWEEN(2000,7000) -> 4359 | E3: =C3+D3 -> 9359 | K3: Директор | L3: 6600
A4: Дубинин Фёдор Петрович | B4: Уборщик | C4: =VLOOKUP(B4,$K$2:$L$7,2,0) -> 6000 | D4: =RANDBETWEEN(2000,7000) -> 5135 | E4: =C4+D4 -> 11135 | K4: Админимстратор | L4: 5000
A5: Левин Тимур Александрович | B5: Курьер | C5: =VLOOKUP(B5,$K$2:$L$7,2,0) -> 5000 | D5: =RANDBETWEEN(2000,7000) -> 5376 | E5: =C5+D5 -> 10376 | K5: Бариста | L5: 5400
A6: Орлов Дмитрий Андреевич | B6: Директор | C6: =VLOOKUP(B6,$K$2:$L$7,2,0) -> 6600 | D6: =RANDBETWEEN(2000,7000) -> 2155 | E6: =C6+D6 -> 8755 | K6: Уборщик | L6: 6000
A7: Горбачев Григорий Даниилович | B7: Админимстратор | C7: =VLOOKUP(B7,$K$2:$L$7,2,0) -> 5000 | D7: =RANDBETWEEN(2000,7000) -> 6533 | E7: =C7+D7 -> 11533 | K7: Курьер | L7: 5000
A8: Титов Роман Данилович | B8: Директор | C8: =VLOOKUP(B8,$K$2:$L$7,2,0) -> 6600 | D8: =RANDBETWEEN(2000,7000) -> 5628 | E8: =C8+D8 -> 12228
A9: Тарасова Ксения Данииловна | B9: Курьер | C9: =VLOOKUP(B9,$K$2:$L$7,2,0) -> 5000 | D9: =RANDBETWEEN(2000,7000) -> 2868 | E9: =C9+D9 -> 7868
A10: Журавлева Кира Максимовна | B10: Бариста | C10: =VLOOKUP(B10,$K$2:$L$7,2,0) -> 5400 | D10: =RANDBETWEEN(2000,7000) -> 5302 | E10: =C10+D10 -> 10702
A11: Потапова Адель Тимуровна | B11: Уборщик | C11: =VLOOKUP(B11,$K$2:$L$7,2,0) -> 6000 | D11: =RANDBETWEEN(2000,7000) -> 4870 | E11: =C11+D11 -> 10870
A12: Борисова Алиса Егоровна | B12: Директор | C12: =VLOOKUP(B12,$K$2:$L$7,2,0) -> 6600 | D12: =RANDBETWEEN(2000,7000) -> 3148 | E12: =C12+D12 -> 9748
A13: Никитин Евгений Иванович | B13: Курьер | C13: =VLOOKUP(B13,$K$2:$L$7,2,0) -> 5000 | D13: =RANDBETWEEN(2000,7000) -> 6957 | E13: =C13+D13 -> 11957
A14: Сидоров Александр Михайлович | B14: Директор | C14: =VLOOKUP(B14,$K$2:$L$7,2,0) -> 6600 | D14: =RANDBETWEEN(2000,7000) -> 4110 | E14: =C14+D14 -> 10710
A15: Сергеева Полина Марковна | B15: Бариста | C15: =VLOOKUP(B15,$K$2:$L$7,2,0) -> 5400 | D15: =RANDBETWEEN(2000,7000) -> 2468 | E15: =C15+D15 -> 7868
A16: Серебрякова Ангелина Максимовна | B16: Уборщик | C16: =VLOOKUP(B16,$K$2:$L$7,2,0) -> 6000 | D16: =RANDBETWEEN(2000,7000) -> 2203 | E16: =C16+D16 -> 8203
A17: Емельянов Михаил Георгиевич | B17: Админимстратор | C17: =VLOOKUP(B17,$K$2:$L$7,2,0) -> 5000 | D17: =RANDBETWEEN(2000,7000) -> 3856 | E17: =C17+D17 -> 8856
A18: Степанов Михаил Маркович | B18: Бариста | C18: =VLOOKUP(B18,$K$2:$L$7,2,0) -> 5400 | D18: =RANDBETWEEN(2000,7000) -> 6246 | E18: =C18+D18 -> 11646
A19: Серов Сергей Кириллович | B19: Бариста | C19: =VLOOKUP(B19,$K$2:$L$7,2,0) -> 5400 | D19: =RANDBETWEEN(2000,7000) -> 5286 | E19: =C19+D19 -> 10686
... A31: Ткачев Михаил Денисович | B31: Курьер | C31: =VLOOKUP(B31,$K$2:$L$7,2,0) -> 5000 | D31: =RANDBETWEEN(2000,7000) -> 6546 | E31: =C31+D31 -> 11546
C32: =VLOOKUP(B32,$K$2:$L$7,2,0) -> #N/A | D32: =RANDBETWEEN(2000,7000) -> 2271

Sheet Апрель
A1: ФИО | B1: Должность | C1: Оклад | D1: Премия | E1: Заработна плата
A2: Иванов Иван Иванович | B2: Курьер | C2: =VLOOKUP(B2,$J$2:$K$7,2,0) -> 5200 | D2: =RANDBETWEEN(2000,5000) -> 4896 | E2: =C2+D2 -> 10096 | J2: Должность | K2: Оклад
A3: Аливоков Владимир Юрьевич | B3: Админимстратор | C3: =VLOOKUP(B3,$J$2:$K$7,2,0) -> 5400 | D3: =RANDBETWEEN(2000,5000) -> 2555 | E3: =C3+D3 -> 7955 | J3: Директор | K3: 6500
A4: Дубинин Фёдор Петрович | B4: Уборщик | C4: =VLOOKUP(B4,$J$2:$K$7,2,0) -> 5900 | D4: =RANDBETWEEN(2000,5000) -> 3515 | E4: =C4+D4 -> 9415 | J4: Админимстратор | K4: 5400
A5: Левин Тимур Александрович | B5: Курьер | C5: =VLOOKUP(B5,$J$2:$K$7,2,0) -> 5200 | D5: =RANDBETWEEN(2000,5000) -> 4389 | E5: =C5+D5 -> 9589 | J5: Бариста | K5: 5500
A6: Орлов Дмитрий Андреевич | B6: Директор | C6: =VLOOKUP(B6,$J$2:$K$7,2,0) -> 6500 | D6: =RANDBETWEEN(2000,5000) -> 4739 | E6: =C6+D6 -> 11239 | J6: Уборщик | K6: 5900
A7: Горбачев Григорий Даниилович | B7: Админимстратор | C7: =VLOOKUP(B7,$J$2:$K$7,2,0) -> 5400 | D7: =RANDBETWEEN(2000,5000) -> 2735 | E7: =C7+D7 -> 8135 | J7: Курьер | K7: 5200
A8: Титов Роман Данилович | B8: Директор | C8: =VLOOKUP(B8,$J$2:$K$7,2,0) -> 6500 | D8: =RANDBETWEEN(2000,5000) -> 3069 | E8: =C8+D8 -> 9569
A9: Тарасова Ксения Данииловна | B9: Курьер | C9: =VLOOKUP(B9,$J$2:$K$7,2,0) -> 5200 | D9: =RANDBETWEEN(2000,5000) -> 3408 | E9: =C9+D9 -> 8608
A10: Журавлева Кира Максимовна | B10: Бариста | C10: =VLOOKUP(B10,$J$2:$K$7,2,0) -> 5500 | D10: =RANDBETWEEN(2000,5000) -> 4608 | E10: =C10+D10 -> 10108
A11: Потапова Адель Тимуровна | B11: Уборщик | C11: =VLOOKUP(B11,$J$2:$K$7,2,0) -> 5900 | D11: =RANDBETWEEN(2000,5000) -> 3867 | E11: =C11+D11 -> 9767
A12: Борисова Алиса Егоровна | B12: Директор | C12: =VLOOKUP(B12,$J$2:$K$7,2,0) -> 6500 | D12: =RANDBETWEEN(2000,5000) -> 3692 | E12: =C12+D12 -> 10192
A13: Никитин Евгений Иванович | B13: Курьер | C13: =VLOOKUP(B13,$J$2:$K$7,2,0) -> 5200 | D13: =RANDBETWEEN(2000,5000) -> 3102 | E13: =C13+D13 -> 8302
A14: Сидоров Александр Михайлович | B14: Директор | C14: =VLOOKUP(B14,$J$2:$K$7,2,0) -> 6500 | D14: =RANDBETWEEN(2000,5000) -> 4250 | E14: =C14+D14 -> 10750
A15: Сергеева Полина Марковна | B15: Бариста | C15: =VLOOKUP(B15,$J$2:$K$7,2,0) -> 5500 | D15: =RANDBETWEEN(2000,5000) -> 3887 | E15: =C15+D15 -> 9387
A16: Серебрякова Ангелина Максимовна | B16: Уборщик | C16: =VLOOKUP(B16,$J$2:$K$7,2,0) -> 5900 | D16: =RANDBETWEEN(2000,5000) -> 4796 | E16: =C16+D16 -> 10696
A17: Емельянов Михаил Георгиевич | B17: Админимстратор | C17: =VLOOKUP(B17,$J$2:$K$7,2,0) -> 5400 | D17: =RANDBETWEEN(2000,5000) -> 2904 | E17: =C17+D17 -> 8304
A18: Степанов Михаил Маркович | B18: Бариста | C18: =VLOOKUP(B18,$J$2:$K$7,2,0) -> 5500 | D18: =RANDBETWEEN(2000,5000) -> 3690 | E18: =C18+D18 -> 9190
A19: Серов Сергей Кириллович | B19: Бариста | C19: =VLOOKUP(B19,$J$2:$K$7,2,0) -> 5500 | D19: =RANDBETWEEN(2000,5000) -> 3493 | E19: =C19+D19 -> 8993
... A31: Ткачев Михаил Денисович | B31: Курьер | C31: =VLOOKUP(B31,$J$2:$K$7,2,0) -> 5200 | D31: =RANDBETWEEN(2000,5000) -> 3244 | E31: =C31+D31 -> 8444

Sheet Май
A1: ФИО | B1: Должность | C1: Оклад | D1: Премия | E1: Заработна плата
A2: Иванов Иван Иванович | B2: Курьер | C2: =VLOOKUP(B2,$I$3:$J$8,2,0) -> 5400 | D2: =RANDBETWEEN(1000,7000) -> 4309 | E2: =C2+D2 -> 9709
A3: Аливоков Владимир Юрьевич | B3: Админимстратор | C3: =VLOOKUP(B3,$I$3:$J$8,2,0) -> 5550 | D3: =RANDBETWEEN(1000,7000) -> 1734 | E3: =C3+D3 -> 7284 | I3: Должность | J3: Оклад
A4: Дубинин Фёдор Петрович | B4: Уборщик | C4: =VLOOKUP(B4,$I$3:$J$8,2,0) -> 5900 | D4: =RANDBETWEEN(1000,7000) -> 5240 | E4: =C4+D4 -> 11140 | I4: Директор | J4: 6400
A5: Левин Тимур Александрович | B5: Курьер | C5: =VLOOKUP(B5,$I$3:$J$8,2,0) -> 5400 | D5: =RANDBETWEEN(1000,7000) -> 2601 | E5: =C5+D5 -> 8001 | I5: Админимстратор | J5: 5550
A6: Орлов Дмитрий Андреевич | B6: Директор | C6: =VLOOKUP(B6,$I$3:$J$8,2,0) -> 6400 | D6: =RANDBETWEEN(1000,7000) -> 4923 | E6: =C6+D6 -> 11323 | I6: Бариста | J6: 5950
A7: Горбачев Григорий Даниилович | B7: Админимстратор | C7: =VLOOKUP(B7,$I$3:$J$8,2,0) -> 5550 | D7: =RANDBETWEEN(1000,7000) -> 2283 | E7: =C7+D7 -> 7833 | I7: Уборщик | J7: 5900
A8: Титов Роман Данилович | B8: Директор | C8: =VLOOKUP(B8,$I$3:$J$8,2,0) -> 6400 | D8: =RANDBETWEEN(1000,7000) -> 2439 | E8: =C8+D8 -> 8839 | I8: Курьер | J8: 5400
A9: Тарасова Ксения Данииловна | B9: Курьер | C9: =VLOOKUP(B9,$I$3:$J$8,2,0) -> 5400 | D9: =RANDBETWEEN(1000,7000) -> 6647 | E9: =C9+D9 -> 12047
A10: Журавлева Кира Максимовна | B10: Бариста | C10: =VLOOKUP(B10,$I$3:$J$8,2,0) -> 5950 | D10: =RANDBETWEEN(1000,7000) -> 5124 | E10: =C10+D10 -> 11074
A11: Потапова Адель Тимуровна | B11: Уборщик | C11: =VLOOKUP(B11,$I$3:$J$8,2,0) -> 5900 | D11: =RANDBETWEEN(1000,7000) -> 4901 | E11: =C11+D11 -> 10801
A12: Борисова Алиса Егоровна | B12: Директор | C12: =VLOOKUP(B12,$I$3:$J$8,2,0) -> 6400 | D12: =RANDBETWEEN(1000,7000) -> 6653 | E12: =C12+D12 -> 13053
A13: Никитин Евгений Иванович | B13: Курьер | C13: =VLOOKUP(B13,$I$3:$J$8,2,0) -> 5400 | D13: =RANDBETWEEN(1000,7000) -> 4856 | E13: =C13+D13 -> 10256
A14: Сидоров Александр Михайлович | B14: Директор | C14: =VLOOKUP(B14,$I$3:$J$8,2,0) -> 6400 | D14: =RANDBETWEEN(1000,7000) -> 5873 | E14: =C14+D14 -> 12273
A15: Сергеева Полина Марковна | B15: Бариста | C15: =VLOOKUP(B15,$I$3:$J$8,2,0) -> 5950 | D15: =RANDBETWEEN(1000,7000) -> 5709 | E15: =C15+D15 -> 11659
A16: Серебрякова Ангелина Максимовна | B16: Уборщик | C16: =VLOOKUP(B16,$I$3:$J$8,2,0) -> 5900 | D16: =RANDBETWEEN(1000,7000) -> 1277 | E16: =C16+D16 -> 7177
A17: Емельянов Михаил Георгиевич | B17: Админимстратор | C17: =VLOOKUP(B17,$I$3:$J$8,2,0) -> 5550 | D17: =RANDBETWEEN(1000,7000) -> 5863 | E17: =C17+D17 -> 11413
A18: Степанов Михаил Маркович | B18: Бариста | C18: =VLOOKUP(B18,$I$3:$J$8,2,0) -> 5950 | D18: =RANDBETWEEN(1000,7000) -> 3579 | E18: =C18+D18 -> 9529
A19: Серов Сергей Кириллович | B19: Бариста | C19: =VLOOKUP(B19,$I$3:$J$8,2,0) -> 5950 | D19: =RANDBETWEEN(1000,7000) -> 3006 | E19: =C19+D19 -> 8956
A20: Кузнецова Валерия Мирославовна | B20: Бариста | C20: =VLOOKUP(B20,$I$3:$J$8,2,0) -> 5950 | D20: =RANDBETWEEN(1000,7000) -> 5757 | E20: =C20+D20 -> 11707
... A31: Ткачев Михаил Денисович | B31: Курьер | C31: =VLOOKUP(B31,$I$3:$J$8,2,0) -> 5400 | D31: =RANDBETWEEN(1000,7000) -> 5779 | E31: =C31+D31 -> 11179

Sheet Июнь
A1: ФИО | B1: Должность | C1: Оклад | D1: Премия | E1: Заработна плата
A2: Иванов Иван Иванович | B2: Курьер | C2: =VLOOKUP(B2,$I$3:$J$8,2,0) -> 5550 | D2: =RANDBETWEEN(1000,6000) -> 3239 | E2: =C2+D2 -> 8789
A3: Аливоков Владимир Юрьевич | B3: Админимстратор | C3: =VLOOKUP(B3,$I$3:$J$8,2,0) -> 5800 | D3: =RANDBETWEEN(1000,6000) -> 5916 | E3: =C3+D3 -> 11716 | I3: Должность | J3: Оклад
A4: Дубинин Фёдор Петрович | B4: Уборщик | C4: =VLOOKUP(B4,$I$3:$J$8,2,0) -> 4900 | D4: =RANDBETWEEN(1000,6000) -> 5186 | E4: =C4+D4 -> 10086 | I4: Директор | J4: 5900
A5: Левин Тимур Александрович | B5: Курьер | C5: =VLOOKUP(B5,$I$3:$J$8,2,0) -> 5550 | D5: =RANDBETWEEN(1000,6000) -> 4355 | E5: =C5+D5 -> 9905 | I5: Админимстратор | J5: 5800
A6: Орлов Дмитрий Андреевич | B6: Директор | C6: =VLOOKUP(B6,$I$3:$J$8,2,0) -> 5900 | D6: =RANDBETWEEN(1000,6000) -> 1654 | E6: =C6+D6 -> 7554 | I6: Бариста | J6: 6000
A7: Горбачев Григорий Даниилович | B7: Админимстратор | C7: =VLOOKUP(B7,$I$3:$J$8,2,0) -> 5800 | D7: =RANDBETWEEN(1000,6000) -> 5958 | E7: =C7+D7 -> 11758 | I7: Уборщик | J7: 4900
A8: Титов Роман Данилович | B8: Директор | C8: =VLOOKUP(B8,$I$3:$J$8,2,0) -> 5900 | D8: =RANDBETWEEN(1000,6000) -> 5739 | E8: =C8+D8 -> 11639 | I8: Курьер | J8: 5550
A9: Тарасова Ксения Данииловна | B9: Курьер | C9: =VLOOKUP(B9,$I$3:$J$8,2,0) -> 5550 | D9: =RANDBETWEEN(1000,6000) -> 5629 | E9: =C9+D9 -> 11179
A10: Журавлева Кира Максимовна | B10: Бариста | C10: =VLOOKUP(B10,$I$3:$J$8,2,0) -> 6000 | D10: =RANDBETWEEN(1000,6000) -> 4189 | E10: =C10+D10 -> 10189
A11: Потапова Адель Тимуровна | B11: Уборщик | C11: =VLOOKUP(B11,$I$3:$J$8,2,0) -> 4900 | D11: =RANDBETWEEN(1000,6000) -> 2857 | E11: =C11+D11 -> 7757
A12: Борисова Алиса Егоровна | B12: Директор | C12: =VLOOKUP(B12,$I$3:$J$8,2,0) -> 5900 | D12: =RANDBETWEEN(1000,6000) -> 5565 | E12: =C12+D12 -> 11465
A13: Никитин Евгений Иванович | B13: Курьер | C13: =VLOOKUP(B13,$I$3:$J$8,2,0) -> 5550 | D13: =RANDBETWEEN(1000,6000) -> 4483 | E13: =C13+D13 -> 10033
A14: Сидоров Александр Михайлович | B14: Директор | C14: =VLOOKUP(B14,$I$3:$J$8,2,0) -> 5900 | D14: =RANDBETWEEN(1000,6000) -> 1843 | E14: =C14+D14 -> 7743
A15: Сергеева Полина Марковна | B15: Бариста | C15: =VLOOKUP(B15,$I$3:$J$8,2,0) -> 6000 | D15: =RANDBETWEEN(1000,6000) -> 3243 | E15: =C15+D15 -> 9243
A16: Серебрякова Ангелина Максимовна | B16: Уборщик | C16: =VLOOKUP(B16,$I$3:$J$8,2,0) -> 4900 | D16: =RANDBETWEEN(1000,6000) -> 1529 | E16: =C16+D16 -> 6429
A17: Емельянов Михаил Георгиевич | B17: Админимстратор | C17: =VLOOKUP(B17,$I$3:$J$8,2,0) -> 5800 | D17: =RANDBETWEEN(1000,6000) -> 5427 | E17: =C17+D17 -> 11227
A18: Степанов Михаил Маркович | B18: Бариста | C18: =VLOOKUP(B18,$I$3:$J$8,2,0) -> 6000 | D18: =RANDBETWEEN(1000,6000) -> 5084 | E18: =C18+D18 -> 11084
A19: Серов Сергей Кириллович | B19: Бариста | C19: =VLOOKUP(B19,$I$3:$J$8,2,0) -> 6000 | D19: =RANDBETWEEN(1000,6000) -> 4410 | E19: =C19+D19 -> 10410
A20: Кузнецова Валерия Мирославовна | B20: Бариста | C20: =VLOOKUP(B20,$I$3:$J$8,2,0) -> 6000 | D20: =RANDBETWEEN(1000,6000) -> 1594 | E20: =C20+D20 -> 7594
... A31: Ткачев Михаил Денисович | B31: Курьер | C31: =VLOOKUP(B31,$I$3:$J$8,2,0) -> 5550 | D31: =RANDBETWEEN(1000,6000) -> 3809 | E31: =C31+D31 -> 9359

Sheet Июль
A1: ФИО | B1: Должность | C1: Оклад | D1: Премия | E1: Заработна плата
A2: Иванов Иван Иванович | B2: Курьер | C2: =VLOOKUP(B2,$I$3:$J$8,2,0) -> 5800 | D2: =RANDBETWEEN(1000,7000) -> 5396 | E2: =C2+D2 -> 11196
A3: Аливоков Владимир Юрьевич | B3: Админимстратор | C3: =VLOOKUP(B3,$I$3:$J$8,2,0) -> 6500 | D3: =RANDBETWEEN(1000,7000) -> 5230 | E3: =C3+D3 -> 11730 | I3: Должность | J3: Оклад
A4: Дубинин Фёдор Петрович | B4: Уборщик | C4: =VLOOKUP(B4,$I$3:$J$8,2,0) -> 5750 | D4: =RANDBETWEEN(1000,7000) -> 6835 | E4: =C4+D4 -> 12585 | I4: Директор | J4: 6700
A5: Левин Тимур Александрович | B5: Курьер | C5: =VLOOKUP(B5,$I$3:$J$8,2,0) -> 5800 | D5: =RANDBETWEEN(1000,7000) -> 6348 | E5: =C5+D5 -> 12148 | I5: Админимстратор | J5: 6500
A6: Орлов Дмитрий Андреевич | B6: Директор | C6: =VLOOKUP(B6,$I$3:$J$8,2,0) -> 6700 | D6: =RANDBETWEEN(1000,7000) -> 5476 | E6: =C6+D6 -> 12176 | I6: Бариста | J6: 6000
A7: Горбачев Григорий Даниилович | B7: Админимстратор | C7: =VLOOKUP(B7,$I$3:$J$8,2,0) -> 6500 | D7: =RANDBETWEEN(1000,7000) -> 1153 | E7: =C7+D7 -> 7653 | I7: Уборщик | J7: 5750
A8: Титов Роман Данилович | B8: Директор | C8: =VLOOKUP(B8,$I$3:$J$8,2,0) -> 6700 | D8: =RANDBETWEEN(1000,7000) -> 1232 | E8: =C8+D8 -> 7932 | I8: Курьер | J8: 5800
A9: Тарасова Ксения Данииловна | B9: Курьер | C9: =VLOOKUP(B9,$I$3:$J$8,2,0) -> 5800 | D9: =RANDBETWEEN(1000,7000) -> 3127 | E9: =C9+D9 -> 8927
A10: Журавлева Кира Максимовна | B10: Бариста | C10: =VLOOKUP(B10,$I$3:$J$8,2,0) -> 6000 | D10: =RANDBETWEEN(1000,7000) -> 4246 | E10: =C10+D10 -> 10246
A11: Потапова Адель Тимуровна | B11: Уборщик | C11: =VLOOKUP(B11,$I$3:$J$8,2,0) -> 5750 | D11: =RANDBETWEEN(1000,7000) -> 6557 | E11: =C11+D11 -> 12307
A12: Борисова Алиса Егоровна | B12: Директор | C12: =VLOOKUP(B12,$I$3:$J$8,2,0) -> 6700 | D12: =RANDBETWEEN(1000,7000) -> 2970 | E12: =C12+D12 -> 9670
A13: Никитин Евгений Иванович | B13: Курьер | C13: =VLOOKUP(B13,$I$3:$J$8,2,0) -> 5800 | D13: =RANDBETWEEN(1000,7000) -> 4862 | E13: =C13+D13 -> 10662
A14: Сидоров Александр Михайлович | B14: Директор | C14: =VLOOKUP(B14,$I$3:$J$8,2,0) -> 6700 | D14: =RANDBETWEEN(1000,7000) -> 4989 | E14: =C14+D14 -> 11689
A15: Сергеева Полина Марковна | B15: Бариста | C15: =VLOOKUP(B15,$I$3:$J$8,2,0) -> 6000 | D15: =RANDBETWEEN(1000,7000) -> 2800 | E15: =C15+D15 -> 8800
A16: Серебрякова Ангелина Максимовна | B16: Уборщик | C16: =VLOOKUP(B16,$I$3:$J$8,2,0) -> 5750 | D16: =RANDBETWEEN(1000,7000) -> 5731 | E16: =C16+D16 -> 11481
A17: Емельянов Михаил Георгиевич | B17: Админимстратор | C17: =VLOOKUP(B17,$I$3:$J$8,2,0) -> 6500 | D17: =RANDBETWEEN(1000,7000) -> 5696 | E17: =C17+D17 -> 12196
A18: Степанов Михаил Маркович | B18: Бариста | C18: =VLOOKUP(B18,$I$3:$J$8,2,0) -> 6000 | D18: =RANDBETWEEN(1000,7000) -> 6460 | E18: =C18+D18 -> 12460
A19: Серов Сергей Кириллович | B19: Бариста | C19: =VLOOKUP(B19,$I$3:$J$8,2,0) -> 6000 | D19: =RANDBETWEEN(1000,7000) -> 2907 | E19: =C19+D19 -> 8907
A20: Кузнецова Валерия Мирославовна | B20: Бариста | C20: =VLOOKUP(B20,$I$3:$J$8,2,0) -> 6000 | D20: =RANDBETWEEN(1000,7000) -> 6457 | E20: =C20+D20 -> 12457
... A31: Ткачев Михаил Денисович | B31: Курьер | C31: =VLOOKUP(B31,$I$3:$J$8,2,0) -> 5800 | D31: =RANDBETWEEN(1000,7000) -> 5207 | E31: =C31+D31 -> 11007

Sheet Август
A1: ФИО | B1: Должность | C1: Оклад | D1: Премия | E1: Заработна плата
A2: Иванов Иван Иванович | B2: Курьер | C2: =VLOOKUP(B2,$I$3:$J$8,2,0) -> 6000 | D2: =RANDBETWEEN(1000,7000) -> 2239 | E2: =C2+D2 -> 8239
A3: Аливоков Владимир Юрьевич | B3: Админимстратор | C3: =VLOOKUP(B3,$I$3:$J$8,2,0) -> 6300 | D3: =RANDBETWEEN(1000,7000) -> 3488 | E3: =C3+D3 -> 9788 | I3: Должность | J3: Оклад
A4: Дубинин Фёдор Петрович | B4: Уборщик | C4: =VLOOKUP(B4,$I$3:$J$8,2,0) -> 6900 | D4: =RANDBETWEEN(1000,7000) -> 5920 | E4: =C4+D4 -> 12820 | I4: Директор | J4: 6500
A5: Левин Тимур Александрович | B5: Курьер | C5: =VLOOKUP(B5,$I$3:$J$8,2,0) -> 6000 | D5: =RANDBETWEEN(1000,7000) -> 4605 | E5: =C5+D5 -> 10605 | I5: Админимстратор | J5: 6300
A6: Орлов Дмитрий Андреевич | B6: Директор | C6: =VLOOKUP(B6,$I$3:$J$8,2,0) -> 6500 | D6: =RANDBETWEEN(1000,7000) -> 2300 | E6: =C6+D6 -> 8800 | I6: Бариста | J6: 5500
A7: Горбачев Григорий Даниилович | B7: Админимстратор | C7: =VLOOKUP(B7,$I$3:$J$8,2,0) -> 6300 | D7: =RANDBETWEEN(1000,7000) -> 4005 | E7: =C7+D7 -> 10305 | I7: Уборщик | J7: 6900
A8: Титов Роман Данилович | B8: Директор | C8: =VLOOKUP(B8,$I$3:$J$8,2,0) -> 6500 | D8: =RANDBETWEEN(1000,7000) -> 5745 | E8: =C8+D8 -> 12245 | I8: Курьер | J8: 6000
A9: Тарасова Ксения Данииловна | B9: Курьер | C9: =VLOOKUP(B9,$I$3:$J$8,2,0) -> 6000 | D9: =RANDBETWEEN(1000,7000) -> 5680 | E9: =C9+D9 -> 11680
A10: Журавлева Кира Максимовна | B10: Бариста | C10: =VLOOKUP(B10,$I$3:$J$8,2,0) -> 5500 | D10: =RANDBETWEEN(1000,7000) -> 3911 | E10: =C10+D10 -> 9411
A11: Потапова Адель Тимуровна | B11: Уборщик | C11: =VLOOKUP(B11,$I$3:$J$8,2,0) -> 6900 | D11: =RANDBETWEEN(1000,7000) -> 2607 | E11: =C11+D11 -> 9507
A12: Борисова Алиса Егоровна | B12: Директор | C12: =VLOOKUP(B12,$I$3:$J$8,2,0) -> 6500 | D12: =RANDBETWEEN(1000,7000) -> 3454 | E12: =C12+D12 -> 9954
A13: Никитин Евгений Иванович | B13: Курьер | C13: =VLOOKUP(B13,$I$3:$J$8,2,0) -> 6000 | D13: =RANDBETWEEN(1000,7000) -> 3523 | E13: =C13+D13 -> 9523
A14: Сидоров Александр Михайлович | B14: Директор | C14: =VLOOKUP(B14,$I$3:$J$8,2,0) -> 6500 | D14: =RANDBETWEEN(1000,7000) -> 6820 | E14: =C14+D14 -> 13320
A15: Сергеева Полина Марковна | B15: Бариста | C15: =VLOOKUP(B15,$I$3:$J$8,2,0) -> 5500 | D15: =RANDBETWEEN(1000,7000) -> 4384 | E15: =C15+D15 -> 9884
A16: Серебрякова Ангелина Максимовна | B16: Уборщик | C16: =VLOOKUP(B16,$I$3:$J$8,2,0) -> 6900 | D16: =RANDBETWEEN(1000,7000) -> 5000 | E16: =C16+D16 -> 11900
A17: Емельянов Михаил Георгиевич | B17: Админимстратор | C17: =VLOOKUP(B17,$I$3:$J$8,2,0) -> 6300 | D17: =RANDBETWEEN(1000,7000) -> 4199 | E17: =C17+D17 -> 10499
A18: Степанов Михаил Маркович | B18: Бариста | C18: =VLOOKUP(B18,$I$3:$J$8,2,0) -> 5500 | D18: =RANDBETWEEN(1000,7000) -> 3353 | E18: =C18+D18 -> 8853
A19: Серов Сергей Кириллович | B19: Бариста | C19: =VLOOKUP(B19,$I$3:$J$8,2,0) -> 5500 | D19: =RANDBETWEEN(1000,7000) -> 1420 | E19: =C19+D19 -> 6920
A20: Кузнецова Валерия Мирославовна | B20: Бариста | C20: =VLOOKUP(B20,$I$3:$J$8,2,0) -> 5500 | D20: =RANDBETWEEN(1000,7000) -> 4566 | E20: =C20+D20 -> 10066
... A31: Ткачев Михаил Денисович | B31: Курьер | C31: =VLOOKUP(B31,$I$3:$J$8,2,0) -> 6000 | D31: =RANDBETWEEN(1000,7000) -> 1404 | E31: =C31+D31 -> 7404

Sheet Сентябрь
A1: ФИО | B1: Должность | C1: Оклад | D1: Премия | E1: Заработна плата
A2: Иванов Иван Иванович | B2: Курьер | C2: =VLOOKUP(B2,$I$3:$J$8,2,0) -> 8943 | D2: =RANDBETWEEN(1000,7000) -> 3179 | E2: =C2+D2 -> 12122
A3: Аливоков Владимир Юрьевич | B3: Админимстратор | C3: =VLOOKUP(B3,$I$3:$J$8,2,0) -> 6890 | D3: =RANDBETWEEN(1000,7000) -> 3633 | E3: =C3+D3 -> 10523 | I3: Должность | J3: Оклад
A4: Дубинин Фёдор Петрович | B4: Уборщик | C4: =VLOOKUP(B4,$I$3:$J$8,2,0) -> 6799 | D4: =RANDBETWEEN(1000,7000) -> 4529 | E4: =C4+D4 -> 11328 | I4: Директор | J4: 7000
A5: Левин Тимур Александрович | B5: Курьер | C5: =VLOOKUP(B5,$I$3:$J$8,2,0) -> 8943 | D5: =RANDBETWEEN(1000,7000) -> 5082 | E5: =C5+D5 -> 14025 | I5: Админимстратор | J5: 6890
A6: Орлов Дмитрий Андреевич | B6: Директор | C6: =VLOOKUP(B6,$I$3:$J$8,2,0) -> 7000 | D6: =RANDBETWEEN(1000,7000) -> 4338 | E6: =C6+D6 -> 11338 | I6: Бариста | J6: 5890
A7: Горбачев Григорий Даниилович | B7: Админимстратор | C7: =VLOOKUP(B7,$I$3:$J$8,2,0) -> 6890 | D7: =RANDBETWEEN(1000,7000) -> 4710 | E7: =C7+D7 -> 11600 | I7: Уборщик | J7: 6799
A8: Титов Роман Данилович | B8: Директор | C8: =VLOOKUP(B8,$I$3:$J$8,2,0) -> 7000 | D8: =RANDBETWEEN(1000,7000) -> 4910 | E8: =C8+D8 -> 11910 | I8: Курьер | J8: 8943
A9: Тарасова Ксения Данииловна | B9: Курьер | C9: =VLOOKUP(B9,$I$3:$J$8,2,0) -> 8943 | D9: =RANDBETWEEN(1000,7000) -> 5303 | E9: =C9+D9 -> 14246
A10: Журавлева Кира Максимовна | B10: Бариста | C10: =VLOOKUP(B10,$I$3:$J$8,2,0) -> 5890 | D10: =RANDBETWEEN(1000,7000) -> 1553 | E10: =C10+D10 -> 7443
A11: Потапова Адель Тимуровна | B11: Уборщик | C11: =VLOOKUP(B11,$I$3:$J$8,2,0) -> 6799 | D11: =RANDBETWEEN(1000,7000) -> 4446 | E11: =C11+D11 -> 11245
A12: Борисова Алиса Егоровна | B12: Директор | C12: =VLOOKUP(B12,$I$3:$J$8,2,0) -> 7000 | D12: =RANDBETWEEN(1000,7000) -> 3367 | E12: =C12+D12 -> 10367
A13: Никитин Евгений Иванович | B13: Курьер | C13: =VLOOKUP(B13,$I$3:$J$8,2,0) -> 8943 | D13: =RANDBETWEEN(1000,7000) -> 5786 | E13: =C13+D13 -> 14729
A14: Сидоров Александр Михайлович | B14: Директор | C14: =VLOOKUP(B14,$I$3:$J$8,2,0) -> 7000 | D14: =RANDBETWEEN(1000,7000) -> 1075 | E14: =C14+D14 -> 8075
A15: Сергеева Полина Марковна | B15: Бариста | C15: =VLOOKUP(B15,$I$3:$J$8,2,0) -> 5890 | D15: =RANDBETWEEN(1000,7000) -> 5972 | E15: =C15+D15 -> 11862
A16: Серебрякова Ангелина Максимовна | B16: Уборщик | C16: =VLOOKUP(B16,$I$3:$J$8,2,0) -> 6799 | D16: =RANDBETWEEN(1000,7000) -> 5001 | E16: =C16+D16 -> 11800
A17: Емельянов Михаил Георгиевич | B17: Админимстратор | C17: =VLOOKUP(B17,$I$3:$J$8,2,0) -> 6890 | D17: =RANDBETWEEN(1000,7000) -> 4188 | E17: =C17+D17 -> 11078
A18: Степанов Михаил Маркович | B18: Бариста | C18: =VLOOKUP(B18,$I$3:$J$8,2,0) -> 5890 | D18: =RANDBETWEEN(1000,7000) -> 3257 | E18: =C18+D18 -> 9147
A19: Серов Сергей Кириллович | B19: Бариста | C19: =VLOOKUP(B19,$I$3:$J$8,2,0) -> 5890 | D19: =RANDBETWEEN(1000,7000) -> 1572 | E19: =C19+D19 -> 7462
A20: Кузнецова Валерия Мирославовна | B20: Бариста | C20: =VLOOKUP(B20,$I$3:$J$8,2,0) -> 5890 | D20: =RANDBETWEEN(1000,7000) -> 1308 | E20: =C20+D20 -> 7198
... A31: Ткачев Михаил Денисович | B31: Курьер | C31: =VLOOKUP(B31,$I$3:$J$8,2,0) -> 8943 | D31: =RANDBETWEEN(1000,7000) -> 2942 | E31: =C31+D31 -> 11885

Sheet Октябрь
A1: ФИО | B1: Должность | C1: Оклад | D1: Премия | E1: Заработна плата
A2: Иванов Иван Иванович | B2: Курьер | C2: =VLOOKUP(B2,$H$4:$I$9,2,0) -> 6784 | D2: =RANDBETWEEN(3000,7000) -> 3417 | E2: =C2+D2 -> 10201
A3: Аливоков Владимир Юрьевич | B3: Админимстратор | C3: =VLOOKUP(B3,$H$4:$I$9,2,0) -> 8923 | D3: =RANDBETWEEN(3000,7000) -> 3779 | E3: =C3+D3 -> 12702
A4: Дубинин Фёдор Петрович | B4: Уборщик | C4: =VLOOKUP(B4,$H$4:$I$9,2,0) -> 6599 | D4: =RANDBETWEEN(3000,7000) -> 3819 | E4: =C4+D4 -> 10418 | H4: Должность | I4: Оклад
A5: Левин Тимур Александрович | B5: Курьер | C5: =VLOOKUP(B5,$H$4:$I$9,2,0) -> 6784 | D5: =RANDBETWEEN(3000,7000) -> 4223 | E5: =C5+D5 -> 11007 | H5: Директор | I5: 8903
A6: Орлов Дмитрий Андреевич | B6: Директор | C6: =VLOOKUP(B6,$H$4:$I$9,2,0) -> 8903 | D6: =RANDBETWEEN(3000,7000) -> 6777 | E6: =C6+D6 -> 15680 | H6: Админимстратор | I6: 8923
A7: Горбачев Григорий Даниилович | B7: Админимстратор | C7: =VLOOKUP(B7,$H$4:$I$9,2,0) -> 8923 | D7: =RANDBETWEEN(3000,7000) -> 3585 | E7: =C7+D7 -> 12508 | H7: Бариста | I7: 6798
A8: Титов Роман Данилович | B8: Директор | C8: =VLOOKUP(B8,$H$4:$I$9,2,0) -> 8903 | D8: =RANDBETWEEN(3000,7000) -> 6871 | E8: =C8+D8 -> 15774 | H8: Уборщик | I8: 6599
A9: Тарасова Ксения Данииловна | B9: Курьер | C9: =VLOOKUP(B9,$H$4:$I$9,2,0) -> 6784 | D9: =RANDBETWEEN(3000,7000) -> 5430 | E9: =C9+D9 -> 12214 | H9: Курьер | I9: 6784
A10: Журавлева Кира Максимовна | B10: Бариста | C10: =VLOOKUP(B10,$H$4:$I$9,2,0) -> 6798 | D10: =RANDBETWEEN(3000,7000) -> 4431 | E10: =C10+D10 -> 11229
A11: Потапова Адель Тимуровна | B11: Уборщик | C11: =VLOOKUP(B11,$H$4:$I$9,2,0) -> 6599 | D11: =RANDBETWEEN(3000,7000) -> 4242 | E11: =C11+D11 -> 10841
A12: Борисова Алиса Егоровна | B12: Директор | C12: =VLOOKUP(B12,$H$4:$I$9,2,0) -> 8903 | D12: =RANDBETWEEN(3000,7000) -> 4089 | E12: =C12+D12 -> 12992
A13: Никитин Евгений Иванович | B13: Курьер | C13: =VLOOKUP(B13,$H$4:$I$9,2,0) -> 6784 | D13: =RANDBETWEEN(3000,7000) -> 6154 | E13: =C13+D13 -> 12938
A14: Сидоров Александр Михайлович | B14: Директор | C14: =VLOOKUP(B14,$H$4:$I$9,2,0) -> 8903 | D14: =RANDBETWEEN(3000,7000) -> 4515 | E14: =C14+D14 -> 13418
A15: Сергеева Полина Марковна | B15: Бариста | C15: =VLOOKUP(B15,$H$4:$I$9,2,0) -> 6798 | D15: =RANDBETWEEN(3000,7000) -> 5374 | E15: =C15+D15 -> 12172
A16: Серебрякова Ангелина Максимовна | B16: Уборщик | C16: =VLOOKUP(B16,$H$4:$I$9,2,0) -> 6599 | D16: =RANDBETWEEN(3000,7000) -> 5806 | E16: =C16+D16 -> 12405
A17: Емельянов Михаил Георгиевич | B17: Админимстратор | C17: =VLOOKUP(B17,$H$4:$I$9,2,0) -> 8923 | D17: =RANDBETWEEN(3000,7000) -> 3214 | E17: =C17+D17 -> 12137
A18: Степанов Михаил Маркович | B18: Бариста | C18: =VLOOKUP(B18,$H$4:$I$9,2,0) -> 6798 | D18: =RANDBETWEEN(3000,7000) -> 3882 | E18: =C18+D18 -> 10680
A19: Серов Сергей Кириллович | B19: Бариста | C19: =VLOOKUP(B19,$H$4:$I$9,2,0) -> 6798 | D19: =RANDBETWEEN(3000,7000) -> 5933 | E19: =C19+D19 -> 12731
A20: Кузнецова Валерия Мирославовна | B20: Бариста | C20: =VLOOKUP(B20,$H$4:$I$9,2,0) -> 6798 | D20: =RANDBETWEEN(3000,7000) -> 4435 | E20: =C20+D20 -> 11233
A21: Широкова Мария Ивановна | B21: Админимстратор | C21: =VLOOKUP(B21,$H$4:$I$9,2,0) -> 8923 | D21: =RANDBETWEEN(3000,7000) -> 6842 | E21: =C21+D21 -> 15765
... A31: Ткачев Михаил Денисович | B31: Курьер | C31: =VLOOKUP(B31,$H$4:$I$9,2,0) -> 6784 | D31: =RANDBETWEEN(3000,7000) -> 3491 | E31: =C31+D31 -> 10275

Sheet Ноябрь
A1: ФИО | B1: Должность | C1: Оклад | D1: Премия | E1: Заработна плата
A2: Иванов Иван Иванович | B2: Курьер | C2: =VLOOKUP(B2,$H$4:$I$9,2,0) -> 6778 | D2: =RANDBETWEEN(3000,7000) -> 5034 | E2: =C2+D2 -> 11812
A3: Аливоков Владимир Юрьевич | B3: Админимстратор | C3: =VLOOKUP(B3,$H$4:$I$9,2,0) -> 4983 | D3: =RANDBETWEEN(3000,7000) -> 4764 | E3: =C3+D3 -> 9747
A4: Дубинин Фёдор Петрович | B4: Уборщик | C4: =VLOOKUP(B4,$H$4:$I$9,2,0) -> 7673 | D4: =RANDBETWEEN(3000,7000) -> 5101 | E4: =C4+D4 -> 12774 | H4: Должность | I4: Оклад
A5: Левин Тимур Александрович | B5: Курьер | C5: =VLOOKUP(B5,$H$4:$I$9,2,0) -> 6778 | D5: =RANDBETWEEN(3000,7000) -> 6960 | E5: =C5+D5 -> 13738 | H5: Директор | I5: 8973
A6: Орлов Дмитрий Андреевич | B6: Директор | C6: =VLOOKUP(B6,$H$4:$I$9,2,0) -> 8973 | D6: =RANDBETWEEN(3000,7000) -> 4422 | E6: =C6+D6 -> 13395 | H6: Админимстратор | I6: 4983
A7: Горбачев Григорий Даниилович | B7: Админимстратор | C7: =VLOOKUP(B7,$H$4:$I$9,2,0) -> 4983 | D7: =RANDBETWEEN(3000,7000) -> 6042 | E7: =C7+D7 -> 11025 | H7: Бариста | I7: 8743
A8: Титов Роман Данилович | B8: Директор | C8: =VLOOKUP(B8,$H$4:$I$9,2,0) -> 8973 | D8: =RANDBETWEEN(3000,7000) -> 6341 | E8: =C8+D8 -> 15314 | H8: Уборщик | I8: 7673
A9: Тарасова Ксения Данииловна | B9: Курьер | C9: =VLOOKUP(B9,$H$4:$I$9,2,0) -> 6778 | D9: =RANDBETWEEN(3000,7000) -> 6137 | E9: =C9+D9 -> 12915 | H9: Курьер | I9: 6778
A10: Журавлева Кира Максимовна | B10: Бариста | C10: =VLOOKUP(B10,$H$4:$I$9,2,0) -> 8743 | D10: =RANDBETWEEN(3000,7000) -> 4166 | E10: =C10+D10 -> 12909
A11: Потапова Адель Тимуровна | B11: Уборщик | C11: =VLOOKUP(B11,$H$4:$I$9,2,0) -> 7673 | D11: =RANDBETWEEN(3000,7000) -> 5818 | E11: =C11+D11 -> 13491
A12: Борисова Алиса Егоровна | B12: Директор | C12: =VLOOKUP(B12,$H$4:$I$9,2,0) -> 8973 | D12: =RANDBETWEEN(3000,7000) -> 4823 | E12: =C12+D12 -> 13796
A13: Никитин Евгений Иванович | B13: Курьер | C13: =VLOOKUP(B13,$H$4:$I$9,2,0) -> 6778 | D13: =RANDBETWEEN(3000,7000) -> 3920 | E13: =C13+D13 -> 10698
A14: Сидоров Александр Михайлович | B14: Директор | C14: =VLOOKUP(B14,$H$4:$I$9,2,0) -> 8973 | D14: =RANDBETWEEN(3000,7000) -> 3054 | E14: =C14+D14 -> 12027
A15: Сергеева Полина Марковна | B15: Бариста | C15: =VLOOKUP(B15,$H$4:$I$9,2,0) -> 8743 | D15: =RANDBETWEEN(3000,7000) -> 4501 | E15: =C15+D15 -> 13244
A16: Серебрякова Ангелина Максимовна | B16: Уборщик | C16: =VLOOKUP(B16,$H$4:$I$9,2,0) -> 7673 | D16: =RANDBETWEEN(3000,7000) -> 5153 | E16: =C16+D16 -> 12826
A17: Емельянов Михаил Георгиевич | B17: Админимстратор | C17: =VLOOKUP(B17,$H$4:$I$9,2,0) -> 4983 | D17: =RANDBETWEEN(3000,7000) -> 3962 | E17: =C17+D17 -> 8945
A18: Степанов Михаил Маркович | B18: Бариста | C18: =VLOOKUP(B18,$H$4:$I$9,2,0) -> 8743 | D18: =RANDBETWEEN(3000,7000) -> 6600 | E18: =C18+D18 -> 15343
A19: Серов Сергей Кириллович | B19: Бариста | C19: =VLOOKUP(B19,$H$4:$I$9,2,0) -> 8743 | D19: =RANDBETWEEN(3000,7000) -> 4638 | E19: =C19+D19 -> 13381
A20: Кузнецова Валерия Мирославовна | B20: Бариста | C20: =VLOOKUP(B20,$H$4:$I$9,2,0) -> 8743 | D20: =RANDBETWEEN(3000,7000) -> 6360 | E20: =C20+D20 -> 15103
A21: Широкова Мария Ивановна | B21: Админимстратор | C21: =VLOOKUP(B21,$H$4:$I$9,2,0) -> 4983 | D21: =RANDBETWEEN(3000,7000) -> 3545 | E21: =C21+D21 -> 8528
... A31: Ткачев Михаил Денисович | B31: Курьер | C31: =VLOOKUP(B31,$H$4:$I$9,2,0) -> 6778 | D31: =RANDBETWEEN(3000,7000) -> 6956 | E31: =C31+D31 -> 13734

Sheet Декабрь
A1: ФИО | B1: Должность | C1: Оклад | D1: Премия | E1: Заработна плата
A2: Иванов Иван Иванович | B2: Курьер | C2: =VLOOKUP(B2,$H$4:$I$9,2,0) -> 7444 | D2: =RANDBETWEEN(3000,7000) -> 5725 | E2: =C2+D2 -> 13169
A3: Аливоков Владимир Юрьевич | B3: Админимстратор | C3: =VLOOKUP(B3,$H$4:$I$9,2,0) -> 8732 | D3: =RANDBETWEEN(3000,7000) -> 4848 | E3: =C3+D3 -> 13580
A4: Дубинин Фёдор Петрович | B4: Уборщик | C4: =VLOOKUP(B4,$H$4:$I$9,2,0) -> 9832 | D4: =RANDBETWEEN(3000,7000) -> 5872 | E4: =C4+D4 -> 15704 | H4: Должность | I4: Оклад
A5: Левин Тимур Александрович | B5: Курьер | C5: =VLOOKUP(B5,$H$4:$I$9,2,0) -> 7444 | D5: =RANDBETWEEN(3000,7000) -> 5756 | E5: =C5+D5 -> 13200 | H5: Директор | I5: 7632
A6: Орлов Дмитрий Андреевич | B6: Директор | C6: =VLOOKUP(B6,$H$4:$I$9,2,0) -> 7632 | D6: =RANDBETWEEN(3000,7000) -> 4142 | E6: =C6+D6 -> 11774 | H6: Админимстратор | I6: 8732
A7: Горбачев Григорий Даниилович | B7: Админимстратор | C7: =VLOOKUP(B7,$H$4:$I$9,2,0) -> 8732 | D7: =RANDBETWEEN(3000,7000) -> 4809 | E7: =C7+D7 -> 13541 | H7: Бариста | I7: 5672
A8: Титов Роман Данилович | B8: Директор | C8: =VLOOKUP(B8,$H$4:$I$9,2,0) -> 7632 | D8: =RANDBETWEEN(3000,7000) -> 3940 | E8: =C8+D8 -> 11572 | H8: Уборщик | I8: 9832
A9: Тарасова Ксения Данииловна | B9: Курьер | C9: =VLOOKUP(B9,$H$4:$I$9,2,0) -> 7444 | D9: =RANDBETWEEN(3000,7000) -> 5780 | E9: =C9+D9 -> 13224 | H9: Курьер | I9: 7444
A10: Журавлева Кира Максимовна | B10: Бариста | C10: =VLOOKUP(B10,$H$4:$I$9,2,0) -> 5672 | D10: =RANDBETWEEN(3000,7000) -> 4720 | E10: =C10+D10 -> 10392
A11: Потапова Адель Тимуровна | B11: Уборщик | C11: =VLOOKUP(B11,$H$4:$I$9,2,0) -> 9832 | D11: =RANDBETWEEN(3000,7000) -> 3773 | E11: =C11+D11 -> 13605
A12: Борисова Алиса Егоровна | B12: Директор | C12: =VLOOKUP(B12,$H$4:$I$9,2,0) -> 7632 | D12: =RANDBETWEEN(3000,7000) -> 4462 | E12: =C12+D12 -> 12094
A13: Никитин Евгений Иванович | B13: Курьер | C13: =VLOOKUP(B13,$H$4:$I$9,2,0) -> 7444 | D13: =RANDBETWEEN(3000,7000) -> 6325 | E13: =C13+D13 -> 13769
A14: Сидоров Александр Михайлович | B14: Директор | C14: =VLOOKUP(B14,$H$4:$I$9,2,0) -> 7632 | D14: =RANDBETWEEN(3000,7000) -> 3671 | E14: =C14+D14 -> 11303
A15: Сергеева Полина Марковна | B15: Бариста | C15: =VLOOKUP(B15,$H$4:$I$9,2,0) -> 5672 | D15: =RANDBETWEEN(3000,7000) -> 4445 | E15: =C15+D15 -> 10117
A16: Серебрякова Ангелина Максимовна | B16: Уборщик | C16: =VLOOKUP(B16,$H$4:$I$9,2,0) -> 9832 | D16: =RANDBETWEEN(3000,7000) -> 4622 | E16: =C16+D16 -> 14454
A17: Емельянов Михаил Георгиевич | B17: Админимстратор | C17: =VLOOKUP(B17,$H$4:$I$9,2,0) -> 8732 | D17: =RANDBETWEEN(3000,7000) -> 6531 | E17: =C17+D17 -> 15263
A18: Степанов Михаил Маркович | B18: Бариста | C18: =VLOOKUP(B18,$H$4:$I$9,2,0) -> 5672 | D18: =RANDBETWEEN(3000,7000) -> 4120 | E18: =C18+D18 -> 9792
A19: Серов Сергей Кириллович | B19: Бариста | C19: =VLOOKUP(B19,$H$4:$I$9,2,0) -> 5672 | D19: =RANDBETWEEN(3000,7000) -> 3641 | E19: =C19+D19 -> 9313
A20: Кузнецова Валерия Мирославовна | B20: Бариста | C20: =VLOOKUP(B20,$H$4:$I$9,2,0) -> 5672 | D20: =RANDBETWEEN(3000,7000) -> 3167 | E20: =C20+D20 -> 8839
A21: Широкова Мария Ивановна | B21: Админимстратор | C21: =VLOOKUP(B21,$H$4:$I$9,2,0) -> 8732 | D21: =RANDBETWEEN(3000,7000) -> 5773 | E21: =C21+D21 -> 14505
... A31: Ткачев Михаил Денисович | B31: Курьер | C31: =VLOOKUP(B31,$H$4:$I$9,2,0) -> 7444 | D31: =RANDBETWEEN(3000,7000) -> 3203 | E31: =C31+D31 -> 10647

Sheet Итоги
A1: ФИО | B1: Январь | C1: Февраль | D1: Март | E1: Апрель | F1: Март | G1: Июнь | H1: Июль | I1: Август | J1: Сентябрь | K1: Октябрь | L1: Ноябрь | M1: Декабрь | N1: Итог за год
A2: Иванов Иван Иванович | B2: =Январь!E2 -> 6215 | C2: =Фераль!E2 -> 10381 | D2: =Март!E2 -> 8836 | E2: =Апрель!E2 -> 10096 | F2: =Март!E2 -> 8836 | G2: =Июнь!E2 -> 8789 | H2: =Июль!E2 -> 11196 | I2: =Август!E2 -> 8239 | J2: =Сентябрь!E2 -> 12122 | K2: =Октябрь!E2 -> 10201 | L2: =Ноябрь!E2 -> 11812 | M2: =Декабрь!E2 -> 13169 | N2: =B2+C2+D2+E2+F2+G2+H2+I2+J2+K2+L2+M2 -> 119892
A3: Аливоков Владимир Юрьевич | B3: =Январь!E3 -> 10732 | C3: =Фераль!E3 -> 10381 | D3: =Март!E3 -> 9359 | E3: =Апрель!E3 -> 7955 | F3: =Март!E3 -> 9359 | G3: =Июнь!E3 -> 11716 | H3: =Июль!E3 -> 11730 | I3: =Август!E3 -> 9788 | J3: =Сентябрь!E3 -> 10523 | K3: =Октябрь!E3 -> 12702 | L3: =Ноябрь!E3 -> 9747 | M3: =Декабрь!E3 -> 13580 | N3: =B3+C3+D3+E3+F3+G3+H3+I3+J3+K3+L3+M3 -> 127572
A4: Дубинин Фёдор Петрович | B4: =Январь!E4 -> 5370 | C4: =Фераль!E4 -> 8251 | D4: =Март!E4 -> 11135 | E4: =Апрель!E4 -> 9415 | F4: =Март!E4 -> 11135 | G4: =Июнь!E4 -> 10086 | H4: =Июль!E4 -> 12585 | I4: =Август!E4 -> 12820 | J4: =Сентябрь!E4 -> 11328 | K4: =Октябрь!E4 -> 10418 | L4: =Ноябрь!E4 -> 12774 | M4: =Декабрь!E4 -> 15704 | N4: =B4+C4+D4+E4+F4+G4+H4+I4+J4+K4+L4+M4 -> 131021
A5: Левин Тимур Александрович | B5: =Январь!E5 -> 8328 | C5: =Фераль!E5 -> 6712 | D5: =Март!E5 -> 10376 | E5: =Апрель!E5 -> 9589 | F5: =Март!E5 -> 10376 | G5: =Июнь!E5 -> 9905 | H5: =Июль!E5 -> 12148 | I5: =Август!E5 -> 10605 | J5: =Сентябрь!E5 -> 14025 | K5: =Октябрь!E5 -> 11007 | L5: =Ноябрь!E5 -> 13738 | M5: =Декабрь!E5 -> 13200 | N5: =B5+C5+D5+E5+F5+G5+H5+I5+J5+K5+L5+M5 -> 130009
A6: Орлов Дмитрий Андреевич | B6: =Январь!E6 -> 8558 | C6: =Фераль!E6 -> 5574 | D6: =Март!E6 -> 8755 | E6: =Апрель!E6 -> 11239 | F6: =Март!E6 -> 8755 | G6: =Июнь!E6 -> 7554 | H6: =Июль!E6 -> 12176 | I6: =Август!E6 -> 8800 | J6: =Сентябрь!E6 -> 11338 | K6: =Октябрь!E6 -> 15680 | L6: =Ноябрь!E6 -> 13395 | M6: =Декабрь!E6 -> 11774 | N6: =B6+C6+D6+E6+F6+G6+H6+I6+J6+K6+L6+M6 -> 123598
A7: Горбачев Григорий Даниилович | B7: =Январь!E7 -> 7382 | C7: =Фераль!E7 -> 7903 | D7: =Март!E7 -> 11533 | E7: =Апрель!E7 -> 8135 | F7: =Март!E7 -> 11533 | G7: =Июнь!E7 -> 11758 | H7: =Июль!E7 -> 7653 | I7: =Август!E7 -> 10305 | J7: =Сентябрь!E7 -> 11600 | K7: =Октябрь!E7 -> 12508 | L7: =Ноябрь!E7 -> 11025 | M7: =Декабрь!E7 -> 13541 | N7: =B7+C7+D7+E7+F7+G7+H7+I7+J7+K7+L7+M7 -> 124876
A8: Титов Роман Данилович | B8: =Январь!E8 -> 5769 | C8: =Фераль!E8 -> 9490 | D8: =Март!E8 -> 12228 | E8: =Апрель!E8 -> 9569 | F8: =Март!E8 -> 12228 | G8: =Июнь!E8 -> 11639 | H8: =Июль!E8 -> 7932 | I8: =Август!E8 -> 12245 | J8: =Сентябрь!E8 -> 11910 | K8: =Октябрь!E8 -> 15774 | L8: =Ноябрь!E8 -> 15314 | M8: =Декабрь!E8 -> 11572 | N8: =B8+C8+D8+E8+F8+G8+H8+I8+J8+K8+L8+M8 -> 135670
A9: Тарасова Ксения Данииловна | B9: =Январь!E9 -> 8997 | C9: =Фераль!E9 -> 10476 | D9: =Март!E9 -> 7868 | E9: =Апрель!E9 -> 8608 | F9: =Март!E9 -> 7868 | G9: =Июнь!E9 -> 11179 | H9: =Июль!E9 -> 8927 | I9: =Август!E9 -> 11680 | J9: =Сентябрь!E9 -> 14246 | K9: =Октябрь!E9 -> 12214 | L9: =Ноябрь!E9 -> 12915 | M9: =Декабрь!E9 -> 13224 | N9: =B9+C9+D9+E9+F9+G9+H9+I9+J9+K9+L9+M9 -> 128202
A10: Журавлева Кира Максимовна | B10: =Январь!E10 -> 8224 | C10: =Фераль!E10 -> 6896 | D10: =Март!E10 -> 10702 | E10: =Апрель!E10 -> 10108 | F10: =Март!E10 -> 10702 | G10: =Июнь!E10 -> 10189 | H10: =Июль!E10 -> 10246 | I10: =Август!E10 -> 9411 | J10: =Сентябрь!E10 -> 7443 | K10: =Октябрь!E10 -> 11229 | L10: =Ноябрь!E10 -> 12909 | M10: =Декабрь!E10 -> 10392 | N10: =B10+C10+D10+E10+F10+G10+H10+I10+J10+K10+L10+M10 -> 118451
A11: Потапова Адель Тимуровна | B11: =Январь!E11 -> 9253 | C11: =Фераль!E11 -> 11685 | D11: =Март!E11 -> 10870 | E11: =Апрель!E11 -> 9767 | F11: =Март!E11 -> 10870 | G11: =Июнь!E11 -> 7757 | H11: =Июль!E11 -> 12307 | I11: =Август!E11 -> 9507 | J11: =Сентябрь!E11 -> 11245 | K11: =Октябрь!E11 -> 10841 | L11: =Ноябрь!E11 -> 13491 | M11: =Декабрь!E11 -> 13605 | N11: =B11+C11+D11+E11+F11+G11+H11+I11+J11+K11+L11+M11 -> 131198
A12: Борисова Алиса Егоровна | B12: =Январь!E12 -> 6484 | C12: =Фераль!E12 -> 6323 | D12: =Март!E12 -> 9748 | E12: =Апрель!E12 -> 10192 | F12: =Март!E12 -> 9748 | G12: =Июнь!E12 -> 11465 | H12: =Июль!E12 -> 9670 | I12: =Август!E12 -> 9954 | J12: =Сентябрь!E12 -> 10367 | K12: =Октябрь!E12 -> 12992 | L12: =Ноябрь!E12 -> 13796 | M12: =Декабрь!E12 -> 12094 | N12: =B12+C12+D12+E12+F12+G12+H12+I12+J12+K12+L12+M12 -> 122833
A13: Никитин Евгений Иванович | B13: =Январь!E13 -> 6604 | C13: =Фераль!E13 -> 7323 | D13: =Март!E13 -> 11957 | E13: =Апрель!E13 -> 8302 | F13: =Март!E13 -> 11957 | G13: =Июнь!E13 -> 10033 | H13: =Июль!E13 -> 10662 | I13: =Август!E13 -> 9523 | J13: =Сентябрь!E13 -> 14729 | K13: =Октябрь!E13 -> 12938 | L13: =Ноябрь!E13 -> 10698 | M13: =Декабрь!E13 -> 13769 | N13: =B13+C13+D13+E13+F13+G13+H13+I13+J13+K13+L13+M13 -> 128495
... A31: Ткачев Михаил Денисович | B31: =Январь!E31 -> 8112 | C31: =Фераль!E31 -> 9460 | D31: =Март!E31 -> 11546 | E31: =Апрель!E31 -> 8444 | F31: =Март!E31 -> 11546 | G31: =Июнь!E31 -> 9359 | H31: =Июль!E31 -> 11007 | I31: =Август!E31 -> 7404 | J31: =Сентябрь!E31 -> 11885 | K31: =Октябрь!E31 -> 10275 | L31: =Ноябрь!E31 -> 13734 | M31: =Декабрь!E31 -> 10647 | N31: =B31+C31+D31+E31+F31+G31+H31+I31+J31+K31+L31+M31 -> 123419

Sheet Налоги
A1: ФИО | B1: Итоги за год | C1: Налоги 13-%
A2: Климова Дарья Ивановна | B2: 139725 | C2: =B2*0.13 -> 18164.25
A3: Широкова Мария Ивановна | B3: 136932 | C3: =B3*0.13 -> 17801.16
A4: Макарова София Эмильевна | B4: 131289 | C4: =B4*0.13 -> 17067.57
A5: Дубинин Фёдор Петрович | B5: 130512 | C5: =B5*0.13 -> 16966.56
A6: Сидоров Александр Михайлович | B6: 128719 | C6: =B6*0.13 -> 16733.47
A7: Орлов Дмитрий Андреевич | B7: 128560 | C7: =B7*0.13 -> 16712.8
A8: Денисов Тимофей Эрикович | B8: 128161 | C8: =B8*0.13 -> 16660.93
A9: Потапова Адель Тимуровна | B9: 127074 | C9: =B9*0.13 -> 16519.62
A10: Емельянов Михаил Георгиевич | B10: 126961 | C10: =B10*0.13 -> 16504.93
A11: Аливоков Владимир Юрьевич | B11: 126081 | C11: =B11*0.13 -> 16390.53
A12: Серебрякова Ангелина Максимовна | B12: 124687 | C12: =B12*0.13 -> 16209.31
A13: Степанов Михаил Маркович | B13: 123939 | C13: =B13*0.13 -> 16112.07
... A31: Сергеев Матвей Дмитриевич | B31: 109736 | C31: =B31*0.13 -> 14265.68
A32: Итого | B32: =SUM(B2:B31) -> 3691514 | C32: =SUM(C2:C31) -> 479896.82

Sheet 3
